{"_runtime":13.672103176,"_step":99,"_wandb":{"runtime":13},"accuracy":0.9375,"loss":0.11040417850017548,"epoch":10,"_timestamp":1.7367929991705084e+09}