{"loss":0.028609449043869972,"epoch":10,"_timestamp":1.7367921005852246e+09,"_wandb":{"runtime":15},"_runtime":14.950749091,"_step":99,"accuracy":1}