{"accuracy":0.96875,"loss":0.15246155858039856,"epoch":10,"_timestamp":1.7367931822760847e+09,"_runtime":15.13525834,"_step":99,"_wandb":{"runtime":15}}