{"epoch":10,"_timestamp":1.7367933622110162e+09,"_runtime":13.712743205,"_step":99,"_wandb":{"runtime":13},"accuracy":1,"loss":0.058342669159173965}