{"_wandb":{"runtime":15},"_runtime":15.293300887000001,"_step":100,"accuracy":0.90625,"loss":0.1819605529308319,"epoch":10,"_timestamp":1.7367925857083788e+09,"learning_curve":{"path":"media/images/learning_curve_100_b2607b1cdad5b9c4e055.png","format":"png","width":800,"height":600,"_type":"image-file","sha256":"b2607b1cdad5b9c4e055bb70605d9460b9e0e0cb0bc9203137cebe700cdc2967","size":17210}}