{"loss":2.355661630630493,"epoch":5,"Training Results":{"sha256":"09ae4dec27b3c6e2f54bd4db5a6cf021472694ab80b1ddb0ef8b3c1b9c1bd242","size":122174,"path":"media/images/Training Results_25_09ae4dec27b3c6e2f54b.png","format":"png","width":3000,"height":1000,"_type":"image-file"},"_wandb":{"runtime":14},"_timestamp":1.736849913322458e+09,"_runtime":14.894754541,"_step":25,"accuracy":0.046875}