{"_wandb":{"runtime":16},"_timestamp":1.736794579816759e+09,"_runtime":16.743714064,"_step":100,"accuracy":0.9375,"loss":0.36855587363243103,"epoch":10,"Training Results":{"format":"png","width":5000,"height":1700,"_type":"image-file","sha256":"322b8ed22cde5b98cd797093b6ddc5fe9b7e890d2016dd913412c5bf0a1679a7","size":184728,"path":"media/images/Training Results_100_322b8ed22cde5b98cd79.png"}}