{"loss":0.3657936155796051,"epoch":10,"_timestamp":1.7367942698973415e+09,"_runtime":16.056752276,"Training Results":{"format":"png","width":640,"height":480,"_type":"image-file","sha256":"3529d576f898038c6bb728cc0de63093b5e2aac447ef05f3b23a137230161076","size":23143,"path":"media/images/Training Results_100_3529d576f898038c6bb7.png"},"_wandb":{"runtime":16},"_step":100,"accuracy":0.875}