{"_wandb":{"runtime":14},"loss":0.12432251870632172,"epoch":10,"_timestamp":1.736793945745516e+09,"_runtime":14.726058979,"_step":100,"accuracy":0.96875,"Training Results":{"width":1500,"height":500,"_type":"image-file","sha256":"c7072d2c35dc2771155f55a9bf16b4220b2c82c4d2be28c45f2f5886585c338b","size":37642,"path":"media/images/Training Results_100_c7072d2c35dc2771155f.png","format":"png"}}