{"Training Results":{"format":"png","width":1500,"height":500,"_type":"image-file","sha256":"e99c7079dab6b6697533c82368facd9d0a75be67989ff9af3c3f6f397ae8920b","size":37435,"path":"media/images/Training Results_100_e99c7079dab6b6697533.png"},"_wandb":{"runtime":14},"_runtime":14.429101499,"_step":100,"accuracy":0.96875,"loss":0.07805884629487991,"epoch":10,"_timestamp":1.7367933918016798e+09}