{"accuracy":1,"loss":0.06617695838212967,"epoch":10,"_timestamp":1.736791226605547e+09,"_runtime":16.397090739,"_step":9379,"_wandb":{"runtime":16}}