{"accuracy":1,"loss":0.017918938770890236,"epoch":10,"_timestamp":1.7367927925474367e+09,"_runtime":15.650702816,"_step":100,"learning_curve":{"size":19481,"path":"media/images/learning_curve_100_673cc13e04d382adbd47.png","format":"png","width":800,"height":600,"_type":"image-file","sha256":"673cc13e04d382adbd477a653a89ad90739ba1f5ec84af7b2d42a97a1d99c1da"},"_wandb":{"runtime":15}}