{"_runtime":17.749206709,"_step":100,"Training Results":{"width":3000,"height":1000,"_type":"image-file","sha256":"19cc629683ec281b10fe970651b8f6dcb6138fc45e8e8ea5230ba08f2fd222d4","size":86858,"path":"media/images/Training Results_100_19cc629683ec281b10fe.png","format":"png"},"_wandb":{"runtime":17},"accuracy":0.9375,"loss":0.2668449282646179,"epoch":10,"_timestamp":1.7368485403462422e+09}